INSERT INTO "ZZHA"."EMPLOYEEMR" (EID, EMAIL, PASSWORD, USERTYPE, NAME, ADDRESS, PHONE, MONTHLY_PAY, START_DATE) VALUES ('950932130', 'lacohen@acme.com', '1', 'manager', 'Larry Cohen', '1979 Henry Street, Raleigh, NC 27606', '316-978-5494', '11000', '15-AUG-2016');
INSERT INTO "ZZHA"."EMPLOYEEMR" (EID, EMAIL, PASSWORD, USERTYPE, NAME, ADDRESS, PHONE, MONTHLY_PAY, START_DATE) VALUES ('634622236', 'wimartin@acme.com', '1', 'receptionist', 'Willis Martin', '465 Aviation Way, Raleigh, NC 27601', '213-988-2011', '8000', '04-DEC-2017');
INSERT INTO "ZZHA"."EMPLOYEEMR" (EID, EMAIL, PASSWORD, USERTYPE, NAME, ADDRESS, PHONE, MONTHLY_PAY, START_DATE) VALUES ('291056276', 'rophillips@acme.com', '1', 'manager', 'Roderick Phillips', '1133 Burton Avenue, Charlotte, NC 28201', '901-777-0492', '12000', '15-APR-2017');
INSERT INTO "ZZHA"."EMPLOYEEMR" (EID, EMAIL, PASSWORD, USERTYPE, NAME, ADDRESS, PHONE, MONTHLY_PAY, START_DATE) VALUES ('911639633', 'deholmes@acme.com', '1', 'receptionist', 'Dena Holmes', '1382 Whispering Pines Circle, Charlotte, NC 28205', '972-353-3691', '9000', '04-JAN-2010');

INSERT INTO "ZZHA"."MECHANIC" (EID, EMAIL, PASSWORD, NAME, ADDRESS, PHONE, HOURLY_PAY, START_DATE) VALUES ('557279280', 'jagloss@acme.com', '1', 'Jacob Gloss', '2014 Leverton Cove Road, Raleigh, NC 27560', '413-335-9523', '30', '29-JUL-2018');
INSERT INTO "ZZHA"."MECHANIC" (EID, EMAIL, PASSWORD, NAME, ADDRESS, PHONE, HOURLY_PAY, START_DATE) VALUES ('183683346', 'anfreeman@acme.com', '1', 'Anthony Freeman', '1188 Summit Street, Raleigh, NC 27627', '563-496-7912', '40', '9-Feb-2015');
INSERT INTO "ZZHA"."MECHANIC" (EID, EMAIL, PASSWORD, NAME, ADDRESS, PHONE, HOURLY_PAY, START_DATE) VALUES ('557279281', 'erfowler@acme.com', '1', 'Eric Fowler', '1114 Fincham Road, Raleigh, NC 27545', '760-457-9846', '35', '1-MAY-2016');
INSERT INTO "ZZHA"."MECHANIC" (EID, EMAIL, PASSWORD, NAME, ADDRESS, PHONE, HOURLY_PAY, START_DATE) VALUES ('557279282', 'rorichmond@acme.com', '1', 'Roland Richmond', '1951 Little Acres Lane, Raleigh, NC 27513', '829843373', '30', '28-DEC-2017');
INSERT INTO "ZZHA"."MECHANIC" (EID, EMAIL, PASSWORD, NAME, ADDRESS, PHONE, HOURLY_PAY, START_DATE) VALUES ('557279283', 'pefitzpatrick@acme.com', '1', 'Peter Fitzpatrick', '4738 Buckhannan Avenue, Raleigh, NC 27625', '315-485-1152', '34', '12-APR-2017');
INSERT INTO "ZZHA"."MECHANIC" (EID, EMAIL, PASSWORD, NAME, ADDRESS, PHONE, HOURLY_PAY, START_DATE) VALUES ('590424694', 'duesparza@acme.com', '1', 'Dustin Esparza', '3510 Hemlock Lane, Charlotte, NC 28202', '956-444-0948', '35', '26-JAN-2017');
INSERT INTO "ZZHA"."MECHANIC" (EID, EMAIL, PASSWORD, NAME, ADDRESS, PHONE, HOURLY_PAY, START_DATE) VALUES ('401671897', 'chpudilo@acme.com', '1', 'Charles Pudilo', '196 Park Boulevard, Charlotte, NC 28222', '641-752-9403', '40', '6-JUL-2016');
INSERT INTO "ZZHA"."MECHANIC" (EID, EMAIL, PASSWORD, NAME, ADDRESS, PHONE, HOURLY_PAY, START_DATE) VALUES ('310773348', ' jarivera@acme.com', '1', 'James Rivera', '908 Alpha Avenue, Charlotte, NC 28130', '903-967-1809', '40', '29-OCT-2013');
INSERT INTO "ZZHA"."MECHANIC" (EID, EMAIL, PASSWORD, NAME, ADDRESS, PHONE, HOURLY_PAY, START_DATE) VALUES ('983204784', 'wimorton@acme.com', '1', 'Willis Morton', '404 Tenmile, Charlotte, NC 28134', '757-886-6330', '30', '13-OCT-2018');
INSERT INTO "ZZHA"."MECHANIC" (EID, EMAIL, PASSWORD, NAME, ADDRESS, PHONE, HOURLY_PAY, START_DATE) VALUES ('187658163', 'rihenderson@acme.com', '1', 'Rickie Henderson', '1963 Chenoweth Drive, Charlotte, NC 28228', '931-539-1294', '30', '29-MAR-2017');

INSERT INTO "ZZHA"."SERVICE_CENTER" (SID, NAME, ADDRESS, PHONE) VALUES ('1', 'Downtown Auto Care', '437 Fayetteville St., Raleigh, NC 27601', '1.800.899.9999');
INSERT INTO "ZZHA"."SERVICE_CENTER" (SID, NAME, ADDRESS, PHONE) VALUES ('2', 'Express Auto Shop', '201 N Tryon St, Charlotte, NC 28202', '1.704.333.1555');

INSERT INTO "ZZHA"."DISTRIBUTOR" (DID, NAME) VALUES ('1', 'D1');
INSERT INTO "ZZHA"."DISTRIBUTOR" (DID, NAME) VALUES ('2', 'D2');

INSERT INTO "ZZHA"."EMPLOYEEMR_WORK_AT" (EID, SID) VALUES ('950932130', '1');
INSERT INTO "ZZHA"."EMPLOYEEMR_WORK_AT" (EID, SID) VALUES ('634622236', '1');
INSERT INTO "ZZHA"."EMPLOYEEMR_WORK_AT" (EID, SID) VALUES ('291056276', '2');
INSERT INTO "ZZHA"."EMPLOYEEMR_WORK_AT" (EID, SID) VALUES ('911639633', '2');

INSERT INTO "ZZHA"."MECHANIC_WORK_AT" (EID, SID) VALUES ('557279280', '1');
INSERT INTO "ZZHA"."MECHANIC_WORK_AT" (EID, SID) VALUES ('183683346', '1');
INSERT INTO "ZZHA"."MECHANIC_WORK_AT" (EID, SID) VALUES ('557279281', '1');
INSERT INTO "ZZHA"."MECHANIC_WORK_AT" (EID, SID) VALUES ('557279282', '1');
INSERT INTO "ZZHA"."MECHANIC_WORK_AT" (EID, SID) VALUES ('557279283', '1');
INSERT INTO "ZZHA"."MECHANIC_WORK_AT" (EID, SID) VALUES ('590424694', '2');
INSERT INTO "ZZHA"."MECHANIC_WORK_AT" (EID, SID) VALUES ('401671897', '2');
INSERT INTO "ZZHA"."MECHANIC_WORK_AT" (EID, SID) VALUES ('310773348', '2');
INSERT INTO "ZZHA"."MECHANIC_WORK_AT" (EID, SID) VALUES ('983204784', '2');
INSERT INTO "ZZHA"."MECHANIC_WORK_AT" (EID, SID) VALUES ('187658163', '2');

INSERT INTO "ZZHA"."CUSTOMER" (CID, EMAIL, PASSWORD, NAME, ADDRESS, PHONE) VALUES ('1001', 'ethanhunt@gmail.com', '1', 'Tom Cruise', '203, Park St, Raleigh, NC - 27603', '1234567890');
Insert into "ZZHA"."CUSTOMER" (CID,EMAIL,PASSWORD,NAME,ADDRESS,PHONE) values (1002,'jarvis@gmail.com','1','Robert Downey Jr.','12-A, High St, Raleigh, NC - 27605','9989877791');
Insert into "ZZHA"."CUSTOMER" (CID,EMAIL,PASSWORD,NAME,ADDRESS,PHONE) values (1003,'lovestory@gmail.com','1','Taylor Swift','2A, 3rd Ave, Charlotte, NC - 28134','8179827199');
Insert into "ZZHA"."CUSTOMER" (CID,EMAIL,PASSWORD,NAME,ADDRESS,PHONE) values (1004,'venus@gmail.com','1','Serena Williams','90, Gorman St, Charlotte, NC - 28201','8714791879');

Insert into "ZZHA"."CUSTOMER_AT_CENTER" (CID,SID) values (1001,1);
Insert into "ZZHA"."CUSTOMER_AT_CENTER" (CID,SID) values (1002,1);
Insert into "ZZHA"."CUSTOMER_AT_CENTER" (CID,SID) values (1003,2);
Insert into "ZZHA"."CUSTOMER_AT_CENTER" (CID,SID) values (1004,2);

INSERT INTO "ZZHA"."CAR_MODEL" (CMID, MAKE, MODEL) VALUES ('1', 'toyota', 'corolla');
INSERT INTO "ZZHA"."CAR_MODEL" (CMID, MAKE, MODEL) VALUES ('2', 'toyota', 'prius');
INSERT INTO "ZZHA"."CAR_MODEL" (CMID, MAKE, MODEL) VALUES ('3', 'honda', 'civic');
INSERT INTO "ZZHA"."CAR_MODEL" (CMID, MAKE, MODEL) VALUES ('4', 'honda', 'accord');
INSERT INTO "ZZHA"."CAR_MODEL" (CMID, MAKE, MODEL) VALUES ('5', 'nissan', 'altima');
INSERT INTO "ZZHA"."CAR_MODEL" (CMID, MAKE, MODEL) VALUES ('6', 'nissan', 'rogue');

INSERT INTO "ZZHA"."VEHICLE" (LICENCE_ID, YEAR, MILEAGE, SERVICE_TYPE, SERVICE_DATE, PURCHASE_DATE, CMID) VALUES ('XYZ-5643', '2009', '90452', 'C', '10-SEP-2018', '24-DEC-2009', 3);
INSERT INTO "ZZHA"."VEHICLE" (LICENCE_ID, YEAR, MILEAGE, SERVICE_TYPE, SERVICE_DATE, PURCHASE_DATE, CMID) VALUES ('AHS-3132', '2007', '65452', 'Repair (Battery does not hold charge)', '6-AUG-2018', '2-JAN-2011', 2);
Insert into "ZZHA"."VEHICLE" (LICENCE_ID,YEAR,MILEAGE,SERVICE_TYPE,SERVICE_DATE,PURCHASE_DATE, CMID) values ('IRM-1212',2001,210452,'A',to_date('11-FEB-18','DD-MON-RR'),to_date('07-SEP-02','DD-MON-RR'), 5);
Insert into "ZZHA"."VEHICLE" (LICENCE_ID,YEAR,MILEAGE,SERVICE_TYPE,SERVICE_DATE,PURCHASE_DATE, CMID) values ('TSW-3462',2015,90452,null,null,to_date('09-DEC-15','DD-MON-RR'),4);
Insert into "ZZHA"."VEHICLE" (LICENCE_ID,YEAR,MILEAGE,SERVICE_TYPE,SERVICE_DATE,PURCHASE_DATE, CMID) values ('DEL-8888',2014,31209,'A',to_date('11-FEB-18','DD-MON-RR'),to_date('11-MAY-16','DD-MON-RR'), 6);
Insert into "ZZHA"."VEHICLE" (LICENCE_ID,YEAR,MILEAGE,SERVICE_TYPE,SERVICE_DATE,PURCHASE_DATE, CMID) values ('P11-212A',2009,60452,'B',to_date('01-SEP-17','DD-MON-RR'),to_date('14-APR-10','DD-MON-RR'), 4);
Insert into "ZZHA"."VEHICLE" (LICENCE_ID,YEAR,MILEAGE,SERVICE_TYPE,SERVICE_DATE,PURCHASE_DATE, CMID) values ('WIM-BLE5',2013,19876,'A',to_date('11-NOV-16','DD-MON-RR'),to_date('01-MAR-14','DD-MON-RR'), 2);

Insert into "ZZHA"."OWN" (CID,LICENCE_ID) values (1001,'XYZ-5643');
Insert into "ZZHA"."OWN" (CID,LICENCE_ID) values (1001,'AHS-3132');
Insert into "ZZHA"."OWN" (CID,LICENCE_ID) values (1002,'IRM-1212');
Insert into "ZZHA"."OWN" (CID,LICENCE_ID) values (1003,'TSW-3462');
Insert into "ZZHA"."OWN" (CID,LICENCE_ID) values (1003,'DEL-8888');
Insert into "ZZHA"."OWN" (CID,LICENCE_ID) values (1004,'P11-212A');
Insert into "ZZHA"."OWN" (CID,LICENCE_ID) values (1004,'WIM-BLE5');

INSERT INTO "ZZHA"."PART" (PID, NAME, MAKE, PRICE) VALUES ('1', 'Air Filter', 'Toyota', '11');
INSERT INTO "ZZHA"."PART" (PID, NAME, MAKE, PRICE) VALUES ('2', 'Air Filter', 'Honda', '59');
INSERT INTO "ZZHA"."PART" (PID, NAME, MAKE, PRICE) VALUES ('3', 'Air Filter', 'Nissan', '61');
INSERT INTO "ZZHA"."PART" (PID, NAME, MAKE, PRICE, WARRANTY) VALUES ('4', 'Axel Rod', 'Toyota', '123', '2');
INSERT INTO "ZZHA"."PART" (PID, NAME, MAKE, PRICE, WARRANTY) VALUES ('5', 'Axel Rod', 'Honda', '141', '2');
INSERT INTO "ZZHA"."PART" (PID, NAME, MAKE, PRICE, WARRANTY) VALUES ('6', 'Axel Rod', 'Nissan', '241', '3');
INSERT INTO "ZZHA"."PART" (PID, NAME, MAKE, PRICE, WARRANTY) VALUES ('7', 'Battery', 'Toyota', '63', '6');
INSERT INTO "ZZHA"."PART" (PID, NAME, MAKE, PRICE, WARRANTY) VALUES ('8', 'Battery', 'Honda', '79', '3');
INSERT INTO "ZZHA"."PART" (PID, NAME, MAKE, PRICE, WARRANTY) VALUES ('9', 'Battery', 'Nissan', '14', '3');
INSERT INTO "ZZHA"."PART" (PID, NAME, MAKE, PRICE) VALUES ('10', 'Brake Fluid', 'Toyota', '24');
INSERT INTO "ZZHA"."PART" (PID, NAME, MAKE, PRICE) VALUES ('11', 'Brake Fluid', 'Honda', '75');
INSERT INTO "ZZHA"."PART" (PID, NAME, MAKE, PRICE) VALUES ('12', 'Brake Fluid', 'Nissan', '16');
INSERT INTO "ZZHA"."PART" (PID, NAME, MAKE, PRICE, WARRANTY) VALUES ('13', 'Brake Shoes', 'Toyota', '62', '2');
INSERT INTO "ZZHA"."PART" (PID, NAME, MAKE, PRICE, WARRANTY) VALUES ('14', 'Brake Shoes', 'Honda', '41', '3');
INSERT INTO "ZZHA"."PART" (PID, NAME, MAKE, PRICE, WARRANTY) VALUES ('15', 'Brake Shoes', 'Nissan', '47', '1');
INSERT INTO "ZZHA"."PART" (PID, NAME, MAKE, PRICE, WARRANTY) VALUES ('16', 'Camshaft', 'Toyota', '1428', '3');
INSERT INTO "ZZHA"."PART" (PID, NAME, MAKE, PRICE, WARRANTY) VALUES ('17', 'Camshaft', 'Honda', '511', '2');
INSERT INTO "ZZHA"."PART" (PID, NAME, MAKE, PRICE, WARRANTY) VALUES ('18', 'Camshaft', 'Nissan', '1295', '2');
INSERT INTO "ZZHA"."PART" (PID, NAME, MAKE, PRICE, WARRANTY) VALUES ('19', 'Catalytic converter', 'Toyota', '801', '1');
INSERT INTO "ZZHA"."PART" (PID, NAME, MAKE, PRICE, WARRANTY) VALUES ('20', 'Catalytic converter', 'Honda', '716', '2');
INSERT INTO "ZZHA"."PART" (PID, NAME, MAKE, PRICE, WARRANTY) VALUES ('21', 'Catalytic converter', 'Nissan', '589', '1');
INSERT INTO "ZZHA"."PART" (PID, NAME, MAKE, PRICE) VALUES ('22', 'Coolant', 'Toyota', '63');
INSERT INTO "ZZHA"."PART" (PID, NAME, MAKE, PRICE) VALUES ('23', 'Coolant', 'Honda', '10');
INSERT INTO "ZZHA"."PART" (PID, NAME, MAKE, PRICE) VALUES ('24', 'Coolant', 'Nissan', '39');
INSERT INTO "ZZHA"."PART" (PID, NAME, MAKE, PRICE, WARRANTY) VALUES ('25', 'Drive belt', 'Toyota', '528', '1');
INSERT INTO "ZZHA"."PART" (PID, NAME, MAKE, PRICE, WARRANTY) VALUES ('26', 'Drive belt', 'Honda', '1443', '1');
INSERT INTO "ZZHA"."PART" (PID, NAME, MAKE, PRICE, WARRANTY) VALUES ('27', 'Drive belt', 'Nissan', '1084', '3');
INSERT INTO "ZZHA"."PART" (PID, NAME, MAKE, PRICE) VALUES ('28', 'Engine oil', 'Toyota', '63');
INSERT INTO "ZZHA"."PART" (PID, NAME, MAKE, PRICE) VALUES ('29', 'Engine oil', 'Honda', '27');
INSERT INTO "ZZHA"."PART" (PID, NAME, MAKE, PRICE) VALUES ('30', 'Engine oil', 'Nissan', '14');
INSERT INTO "ZZHA"."PART" (PID, NAME, MAKE, PRICE, WARRANTY) VALUES ('31', 'Gears', 'Toyota', '523', '1');
INSERT INTO "ZZHA"."PART" (PID, NAME, MAKE, PRICE, WARRANTY) VALUES ('32', 'Gears', 'Honda', '1344', '3');
INSERT INTO "ZZHA"."PART" (PID, NAME, MAKE, PRICE, WARRANTY) VALUES ('33', 'Gears', 'Nissan', '1176', '3');
INSERT INTO "ZZHA"."PART" (PID, NAME, MAKE, PRICE, WARRANTY) VALUES ('34', 'Light assembly', 'Toyota', '617', '2');
INSERT INTO "ZZHA"."PART" (PID, NAME, MAKE, PRICE, WARRANTY) VALUES ('35', 'Light assembly', 'Honda', '1342', '2');
INSERT INTO "ZZHA"."PART" (PID, NAME, MAKE, PRICE, WARRANTY) VALUES ('36', 'Light assembly', 'Nissan', '1367', '2');
INSERT INTO "ZZHA"."PART" (PID, NAME, MAKE, PRICE) VALUES ('37', 'Oil Filter', 'Toyota', '36');
INSERT INTO "ZZHA"."PART" (PID, NAME, MAKE, PRICE) VALUES ('38', 'Oil Filter', 'Honda', '42');
INSERT INTO "ZZHA"."PART" (PID, NAME, MAKE, PRICE) VALUES ('39', 'Oil Filter', 'Nissan', '61');
INSERT INTO "ZZHA"."PART" (PID, NAME, MAKE, PRICE, WARRANTY) VALUES ('40', 'Piston', 'Toyota', '1256', '1');
INSERT INTO "ZZHA"."PART" (PID, NAME, MAKE, PRICE, WARRANTY) VALUES ('41', 'Piston', 'Honda', '1145', '1');
INSERT INTO "ZZHA"."PART" (PID, NAME, MAKE, PRICE, WARRANTY) VALUES ('42', 'Piston', 'Nissan', '1341', '3');
INSERT INTO "ZZHA"."PART" (PID, NAME, MAKE, PRICE) VALUES ('43', 'Power Steering Fluid', 'Toyota', '17');
INSERT INTO "ZZHA"."PART" (PID, NAME, MAKE, PRICE) VALUES ('44', 'Power Steering Fluid', 'Honda', '24');
INSERT INTO "ZZHA"."PART" (PID, NAME, MAKE, PRICE) VALUES ('45', 'Power Steering Fluid', 'Nissan', '20');
INSERT INTO "ZZHA"."PART" (PID, NAME, MAKE, PRICE, WARRANTY) VALUES ('46', 'Spark plug', 'Toyota', '64', '2');
INSERT INTO "ZZHA"."PART" (PID, NAME, MAKE, PRICE, WARRANTY) VALUES ('47', 'Spark plug', 'Honda', '50', '2');
INSERT INTO "ZZHA"."PART" (PID, NAME, MAKE, PRICE, WARRANTY) VALUES ('48', 'Spark plug', 'Nissan', '11', '1');
INSERT INTO "ZZHA"."PART" (PID, NAME, MAKE, PRICE) VALUES ('49', 'Suspension fluid', 'Toyota', '70');
INSERT INTO "ZZHA"."PART" (PID, NAME, MAKE, PRICE) VALUES ('50', 'Suspension fluid', 'Honda', '77');
INSERT INTO "ZZHA"."PART" (PID, NAME, MAKE, PRICE) VALUES ('51', 'Suspension fluid', 'Nissan', '32');
INSERT INTO "ZZHA"."PART" (PID, NAME, MAKE, PRICE, WARRANTY) VALUES ('52', 'Valve', 'Toyota', '1338', '1');
INSERT INTO "ZZHA"."PART" (PID, NAME, MAKE, PRICE, WARRANTY) VALUES ('53', 'Valve', 'Honda', '1261', '2');
INSERT INTO "ZZHA"."PART" (PID, NAME, MAKE, PRICE, WARRANTY) VALUES ('54', 'Valve', 'Nissan', '1013', '1');
INSERT INTO "ZZHA"."PART" (PID, NAME, MAKE, PRICE) VALUES ('55', 'Wiper Fluid', 'Toyota', '28');
INSERT INTO "ZZHA"."PART" (PID, NAME, MAKE, PRICE) VALUES ('56', 'Wiper Fluid', 'Honda', '56');
INSERT INTO "ZZHA"."PART" (PID, NAME, MAKE, PRICE) VALUES ('57', 'Wiper Fluid', 'Nissan', '31');

INSERT INTO "ZZHA"."INVENTORY" (PID, SID, THRESHOLD, QUANTITY, MINIMAL_ORDER) VALUES ('2', '1', '20', '43', '5');
INSERT INTO "ZZHA"."INVENTORY" (PID, SID, THRESHOLD, QUANTITY, MINIMAL_ORDER) VALUES ('5', '1', '5', '8', '7');
INSERT INTO "ZZHA"."INVENTORY" (PID, SID, THRESHOLD, QUANTITY, MINIMAL_ORDER) VALUES ('8', '1', '20', '20', '5');
INSERT INTO "ZZHA"."INVENTORY" (PID, SID, THRESHOLD, QUANTITY, MINIMAL_ORDER) VALUES ('11', '1', '4', '14', '6');
INSERT INTO "ZZHA"."INVENTORY" (PID, SID, THRESHOLD, QUANTITY, MINIMAL_ORDER) VALUES ('14', '1', '4', '8', '3');
INSERT INTO "ZZHA"."INVENTORY" (PID, SID, THRESHOLD, QUANTITY, MINIMAL_ORDER) VALUES ('17', '1', '20', '22', '5');
INSERT INTO "ZZHA"."INVENTORY" (PID, SID, THRESHOLD, QUANTITY, MINIMAL_ORDER) VALUES ('20', '1', '10', '31', '5');
INSERT INTO "ZZHA"."INVENTORY" (PID, SID, THRESHOLD, QUANTITY, MINIMAL_ORDER) VALUES ('23', '1', '23', '23', '4');
INSERT INTO "ZZHA"."INVENTORY" (PID, SID, THRESHOLD, QUANTITY, MINIMAL_ORDER) VALUES ('26', '1', '30', '35', '5');
INSERT INTO "ZZHA"."INVENTORY" (PID, SID, THRESHOLD, QUANTITY, MINIMAL_ORDER) VALUES ('29', '1', '5', '15', '5');
INSERT INTO "ZZHA"."INVENTORY" (PID, SID, THRESHOLD, QUANTITY, MINIMAL_ORDER) VALUES ('32', '1', '3', '18', '5');
INSERT INTO "ZZHA"."INVENTORY" (PID, SID, THRESHOLD, QUANTITY, MINIMAL_ORDER) VALUES ('35', '1', '10', '12', '8');
INSERT INTO "ZZHA"."INVENTORY" (PID, SID, THRESHOLD, QUANTITY, MINIMAL_ORDER) VALUES ('38', '1', '4', '11', '4');
INSERT INTO "ZZHA"."INVENTORY" (PID, SID, THRESHOLD, QUANTITY, MINIMAL_ORDER) VALUES ('41', '1', '48', '55', '2');
INSERT INTO "ZZHA"."INVENTORY" (PID, SID, THRESHOLD, QUANTITY, MINIMAL_ORDER) VALUES ('44', '1', '7', '12', '5');
INSERT INTO "ZZHA"."INVENTORY" (PID, SID, THRESHOLD, QUANTITY, MINIMAL_ORDER) VALUES ('47', '1', '42', '45', '5');
INSERT INTO "ZZHA"."INVENTORY" (PID, SID, THRESHOLD, QUANTITY, MINIMAL_ORDER) VALUES ('50', '1', '11', '13', '5');
INSERT INTO "ZZHA"."INVENTORY" (PID, SID, THRESHOLD, QUANTITY, MINIMAL_ORDER) VALUES ('53', '1', '7', '12', '5');
INSERT INTO "ZZHA"."INVENTORY" (PID, SID, THRESHOLD, QUANTITY, MINIMAL_ORDER) VALUES ('56', '1', '5', '12', '5');
INSERT INTO "ZZHA"."INVENTORY" (PID, SID, QUANTITY, THRESHOLD, MINIMAL_ORDER) VALUES ('2', '2', '46', '35', '6');
INSERT INTO "ZZHA"."INVENTORY" (PID, SID, QUANTITY, THRESHOLD, MINIMAL_ORDER) VALUES ('5', '2', '7', '6', '10');
INSERT INTO "ZZHA"."INVENTORY" (PID, SID, QUANTITY, THRESHOLD, MINIMAL_ORDER) VALUES ('8', '2', '64', '52', '3');
INSERT INTO "ZZHA"."INVENTORY" (PID, SID, QUANTITY, THRESHOLD, MINIMAL_ORDER) VALUES ('11', '2', '15', '3', '3');
INSERT INTO "ZZHA"."INVENTORY" (PID, SID, QUANTITY, THRESHOLD, MINIMAL_ORDER) VALUES ('14', '2', '20', '3', '5');
INSERT INTO "ZZHA"."INVENTORY" (PID, SID, QUANTITY, THRESHOLD, MINIMAL_ORDER) VALUES ('17', '2', '42', '42', '6');
INSERT INTO "ZZHA"."INVENTORY" (PID, SID, QUANTITY, THRESHOLD, MINIMAL_ORDER) VALUES ('20', '2', '29', '24', '5');
INSERT INTO "ZZHA"."INVENTORY" (PID, SID, QUANTITY, THRESHOLD, MINIMAL_ORDER) VALUES ('23', '2', '21', '12', '4');
INSERT INTO "ZZHA"."INVENTORY" (PID, SID, QUANTITY, THRESHOLD, MINIMAL_ORDER) VALUES ('26', '2', '30', '23', '4');
INSERT INTO "ZZHA"."INVENTORY" (PID, SID, QUANTITY, THRESHOLD, MINIMAL_ORDER) VALUES ('29', '2', '26', '10', '5');
INSERT INTO "ZZHA"."INVENTORY" (PID, SID, QUANTITY, THRESHOLD, MINIMAL_ORDER) VALUES ('32', '2', '70', '7', '5');
INSERT INTO "ZZHA"."INVENTORY" (PID, SID, QUANTITY, THRESHOLD, MINIMAL_ORDER) VALUES ('35', '2', '8', '6', '3');
INSERT INTO "ZZHA"."INVENTORY" (PID, SID, QUANTITY, THRESHOLD, MINIMAL_ORDER) VALUES ('38', '2', '31', '24', '5');
INSERT INTO "ZZHA"."INVENTORY" (PID, SID, QUANTITY, THRESHOLD, MINIMAL_ORDER) VALUES ('41', '2', '81', '73', '5');
INSERT INTO "ZZHA"."INVENTORY" (PID, SID, QUANTITY, THRESHOLD, MINIMAL_ORDER) VALUES ('44', '2', '17', '6', '4');
INSERT INTO "ZZHA"."INVENTORY" (PID, SID, QUANTITY, THRESHOLD, MINIMAL_ORDER) VALUES ('47', '2', '50', '32', '4');
INSERT INTO "ZZHA"."INVENTORY" (PID, SID, QUANTITY, THRESHOLD, MINIMAL_ORDER) VALUES ('50', '2', '15', '6', '6');
INSERT INTO "ZZHA"."INVENTORY" (PID, SID, QUANTITY, THRESHOLD, MINIMAL_ORDER) VALUES ('53', '2', '11', '3', '6');
INSERT INTO "ZZHA"."INVENTORY" (PID, SID, QUANTITY, THRESHOLD, MINIMAL_ORDER) VALUES ('56', '2', '16', '13', '5');
INSERT INTO "ZZHA"."INVENTORY" (PID, SID, QUANTITY, THRESHOLD, MINIMAL_ORDER) VALUES ('1', '1', '13', '2', '5');
INSERT INTO "ZZHA"."INVENTORY" (PID, SID, QUANTITY, THRESHOLD, MINIMAL_ORDER) VALUES ('1', '2', '26', '5', '6');
INSERT INTO "ZZHA"."INVENTORY" (PID, SID, QUANTITY, THRESHOLD, MINIMAL_ORDER) VALUES ('4', '1', '18', '5', '7');
INSERT INTO "ZZHA"."INVENTORY" (PID, SID, QUANTITY, THRESHOLD, MINIMAL_ORDER) VALUES ('4', '2', '27', '6', '10');
INSERT INTO "ZZHA"."INVENTORY" (PID, SID, QUANTITY, THRESHOLD, MINIMAL_ORDER) VALUES ('7', '1', '10', '2', '5');
INSERT INTO "ZZHA"."INVENTORY" (PID, SID, QUANTITY, THRESHOLD, MINIMAL_ORDER) VALUES ('7', '2', '24', '2', '3');
INSERT INTO "ZZHA"."INVENTORY" (PID, SID, QUANTITY, THRESHOLD, MINIMAL_ORDER) VALUES ('10', '1', '4', '4', '6');
INSERT INTO "ZZHA"."INVENTORY" (PID, SID, QUANTITY, THRESHOLD, MINIMAL_ORDER) VALUES ('10', '2', '25', '3', '3');
INSERT INTO "ZZHA"."INVENTORY" (PID, SID, QUANTITY, THRESHOLD, MINIMAL_ORDER) VALUES ('13', '1', '18', '4', '3');
INSERT INTO "ZZHA"."INVENTORY" (PID, SID, QUANTITY, THRESHOLD, MINIMAL_ORDER) VALUES ('13', '2', '20', '3', '5');
INSERT INTO "ZZHA"."INVENTORY" (PID, SID, QUANTITY, THRESHOLD, MINIMAL_ORDER) VALUES ('16', '1', '12', '2', '5');
INSERT INTO "ZZHA"."INVENTORY" (PID, SID, QUANTITY, THRESHOLD, MINIMAL_ORDER) VALUES ('16', '2', '22', '2', '6');
INSERT INTO "ZZHA"."INVENTORY" (PID, SID, QUANTITY, THRESHOLD, MINIMAL_ORDER) VALUES ('19', '1', '11', '1', '5');
INSERT INTO "ZZHA"."INVENTORY" (PID, SID, QUANTITY, THRESHOLD, MINIMAL_ORDER) VALUES ('19', '2', '29', '4', '5');
INSERT INTO "ZZHA"."INVENTORY" (PID, SID, QUANTITY, THRESHOLD, MINIMAL_ORDER) VALUES ('22', '1', '13', '2', '4');
INSERT INTO "ZZHA"."INVENTORY" (PID, SID, QUANTITY, THRESHOLD, MINIMAL_ORDER) VALUES ('22', '2', '21', '2', '4');
INSERT INTO "ZZHA"."INVENTORY" (PID, SID, QUANTITY, THRESHOLD, MINIMAL_ORDER) VALUES ('25', '1', '15', '3', '5');
INSERT INTO "ZZHA"."INVENTORY" (PID, SID, QUANTITY, THRESHOLD, MINIMAL_ORDER) VALUES ('25', '2', '20', '3', '4');
INSERT INTO "ZZHA"."INVENTORY" (PID, SID, QUANTITY, THRESHOLD, MINIMAL_ORDER) VALUES ('28', '1', '5', '5', '5');
INSERT INTO "ZZHA"."INVENTORY" (PID, SID, QUANTITY, THRESHOLD, MINIMAL_ORDER) VALUES ('28', '2', '26', '20', '5');
INSERT INTO "ZZHA"."INVENTORY" (PID, SID, QUANTITY, THRESHOLD, MINIMAL_ORDER) VALUES ('31', '1', '8', '3', '5');
INSERT INTO "ZZHA"."INVENTORY" (PID, SID, QUANTITY, THRESHOLD, MINIMAL_ORDER) VALUES ('31', '2', '20', '7', '5');
INSERT INTO "ZZHA"."INVENTORY" (PID, SID, QUANTITY, THRESHOLD, MINIMAL_ORDER) VALUES ('34', '1', '2', '1', '8');
INSERT INTO "ZZHA"."INVENTORY" (PID, SID, QUANTITY, THRESHOLD, MINIMAL_ORDER) VALUES ('34', '2', '28', '6', '3');
INSERT INTO "ZZHA"."INVENTORY" (PID, SID, QUANTITY, THRESHOLD, MINIMAL_ORDER) VALUES ('37', '1', '1', '1', '4');
INSERT INTO "ZZHA"."INVENTORY" (PID, SID, QUANTITY, THRESHOLD, MINIMAL_ORDER) VALUES ('37', '2', '21', '4', '5');
INSERT INTO "ZZHA"."INVENTORY" (PID, SID, QUANTITY, THRESHOLD, MINIMAL_ORDER) VALUES ('40', '1', '15', '4', '2');
INSERT INTO "ZZHA"."INVENTORY" (PID, SID, QUANTITY, THRESHOLD, MINIMAL_ORDER) VALUES ('40', '2', '21', '3', '5');
INSERT INTO "ZZHA"."INVENTORY" (PID, SID, QUANTITY, THRESHOLD, MINIMAL_ORDER) VALUES ('43', '1', '2', '1', '5');
INSERT INTO "ZZHA"."INVENTORY" (PID, SID, QUANTITY, THRESHOLD, MINIMAL_ORDER) VALUES ('43', '2', '27', '6', '4');
INSERT INTO "ZZHA"."INVENTORY" (PID, SID, QUANTITY, THRESHOLD, MINIMAL_ORDER) VALUES ('46', '1', '15', '4', '5');
INSERT INTO "ZZHA"."INVENTORY" (PID, SID, QUANTITY, THRESHOLD, MINIMAL_ORDER) VALUES ('46', '2', '20', '2', '4');
INSERT INTO "ZZHA"."INVENTORY" (PID, SID, QUANTITY, THRESHOLD, MINIMAL_ORDER) VALUES ('49', '1', '3', '1', '5');
INSERT INTO "ZZHA"."INVENTORY" (PID, SID, QUANTITY, THRESHOLD, MINIMAL_ORDER) VALUES ('49', '2', '25', '6', '6');
INSERT INTO "ZZHA"."INVENTORY" (PID, SID, QUANTITY, THRESHOLD, MINIMAL_ORDER) VALUES ('52', '1', '12', '7', '5');
INSERT INTO "ZZHA"."INVENTORY" (PID, SID, QUANTITY, THRESHOLD, MINIMAL_ORDER) VALUES ('52', '2', '11', '3', '6');
INSERT INTO "ZZHA"."INVENTORY" (PID, SID, QUANTITY, THRESHOLD, MINIMAL_ORDER) VALUES ('55', '1', '12', '5', '5');
INSERT INTO "ZZHA"."INVENTORY" (PID, SID, QUANTITY, THRESHOLD, MINIMAL_ORDER) VALUES ('55', '2', '16', '13', '5');
INSERT INTO "ZZHA"."INVENTORY" (PID, SID, QUANTITY, THRESHOLD, MINIMAL_ORDER) VALUES ('3', '1', '33', '20', '5');
INSERT INTO "ZZHA"."INVENTORY" (PID, SID, QUANTITY, THRESHOLD, MINIMAL_ORDER) VALUES ('3', '2', '16', '5', '6');
INSERT INTO "ZZHA"."INVENTORY" (PID, SID, QUANTITY, THRESHOLD, MINIMAL_ORDER) VALUES ('6', '1', '38', '5', '7');
INSERT INTO "ZZHA"."INVENTORY" (PID, SID, QUANTITY, THRESHOLD, MINIMAL_ORDER) VALUES ('6', '2', '17', '6', '10');
INSERT INTO "ZZHA"."INVENTORY" (PID, SID, QUANTITY, THRESHOLD, MINIMAL_ORDER) VALUES ('9', '1', '30', '20', '5');
INSERT INTO "ZZHA"."INVENTORY" (PID, SID, QUANTITY, THRESHOLD, MINIMAL_ORDER) VALUES ('9', '2', '14', '5', '3');
INSERT INTO "ZZHA"."INVENTORY" (PID, SID, QUANTITY, THRESHOLD, MINIMAL_ORDER) VALUES ('12', '1', '34', '4', '6');
INSERT INTO "ZZHA"."INVENTORY" (PID, SID, QUANTITY, THRESHOLD, MINIMAL_ORDER) VALUES ('12', '2', '15', '3', '3');
INSERT INTO "ZZHA"."INVENTORY" (PID, SID, QUANTITY, THRESHOLD, MINIMAL_ORDER) VALUES ('15', '1', '38', '4', '3');
INSERT INTO "ZZHA"."INVENTORY" (PID, SID, QUANTITY, THRESHOLD, MINIMAL_ORDER) VALUES ('15', '2', '10', '3', '5');
INSERT INTO "ZZHA"."INVENTORY" (PID, SID, QUANTITY, THRESHOLD, MINIMAL_ORDER) VALUES ('18', '1', '32', '20', '5');
INSERT INTO "ZZHA"."INVENTORY" (PID, SID, QUANTITY, THRESHOLD, MINIMAL_ORDER) VALUES ('18', '2', '12', '4', '6');
INSERT INTO "ZZHA"."INVENTORY" (PID, SID, QUANTITY, THRESHOLD, MINIMAL_ORDER) VALUES ('21', '1', '31', '10', '5');
INSERT INTO "ZZHA"."INVENTORY" (PID, SID, QUANTITY, THRESHOLD, MINIMAL_ORDER) VALUES ('21', '2', '19', '4', '5');
INSERT INTO "ZZHA"."INVENTORY" (PID, SID, QUANTITY, THRESHOLD, MINIMAL_ORDER) VALUES ('24', '1', '33', '23', '4');
INSERT INTO "ZZHA"."INVENTORY" (PID, SID, QUANTITY, THRESHOLD, MINIMAL_ORDER) VALUES ('24', '2', '11', '2', '4');
INSERT INTO "ZZHA"."INVENTORY" (PID, SID, QUANTITY, THRESHOLD, MINIMAL_ORDER) VALUES ('27', '1', '35', '30', '5');
INSERT INTO "ZZHA"."INVENTORY" (PID, SID, QUANTITY, THRESHOLD, MINIMAL_ORDER) VALUES ('27', '2', '10', '3', '4');
INSERT INTO "ZZHA"."INVENTORY" (PID, SID, QUANTITY, THRESHOLD, MINIMAL_ORDER) VALUES ('30', '1', '35', '5', '5');
INSERT INTO "ZZHA"."INVENTORY" (PID, SID, QUANTITY, THRESHOLD, MINIMAL_ORDER) VALUES ('30', '2', '16', '10', '5');
INSERT INTO "ZZHA"."INVENTORY" (PID, SID, QUANTITY, THRESHOLD, MINIMAL_ORDER) VALUES ('33', '1', '38', '3', '5');
INSERT INTO "ZZHA"."INVENTORY" (PID, SID, QUANTITY, THRESHOLD, MINIMAL_ORDER) VALUES ('33', '2', '10', '7', '5');
INSERT INTO "ZZHA"."INVENTORY" (PID, SID, QUANTITY, THRESHOLD, MINIMAL_ORDER) VALUES ('36', '1', '32', '10', '8');
INSERT INTO "ZZHA"."INVENTORY" (PID, SID, QUANTITY, THRESHOLD, MINIMAL_ORDER) VALUES ('36', '2', '18', '6', '3');
INSERT INTO "ZZHA"."INVENTORY" (PID, SID, QUANTITY, THRESHOLD, MINIMAL_ORDER) VALUES ('39', '1', '31', '4', '4');
INSERT INTO "ZZHA"."INVENTORY" (PID, SID, QUANTITY, THRESHOLD, MINIMAL_ORDER) VALUES ('39', '2', '11', '4', '5');
INSERT INTO "ZZHA"."INVENTORY" (PID, SID, QUANTITY, THRESHOLD, MINIMAL_ORDER) VALUES ('42', '1', '35', '18', '2');
INSERT INTO "ZZHA"."INVENTORY" (PID, SID, QUANTITY, THRESHOLD, MINIMAL_ORDER) VALUES ('42', '2', '11', '7', '5');
INSERT INTO "ZZHA"."INVENTORY" (PID, SID, QUANTITY, THRESHOLD, MINIMAL_ORDER) VALUES ('45', '1', '32', '7', '5');
INSERT INTO "ZZHA"."INVENTORY" (PID, SID, QUANTITY, THRESHOLD, MINIMAL_ORDER) VALUES ('45', '2', '17', '6', '4');
INSERT INTO "ZZHA"."INVENTORY" (PID, SID, QUANTITY, THRESHOLD, MINIMAL_ORDER) VALUES ('48', '1', '35', '12', '5');
INSERT INTO "ZZHA"."INVENTORY" (PID, SID, QUANTITY, THRESHOLD, MINIMAL_ORDER) VALUES ('48', '2', '10', '2', '4');
INSERT INTO "ZZHA"."INVENTORY" (PID, SID, QUANTITY, THRESHOLD, MINIMAL_ORDER) VALUES ('51', '1', '33', '11', '5');
INSERT INTO "ZZHA"."INVENTORY" (PID, SID, QUANTITY, THRESHOLD, MINIMAL_ORDER) VALUES ('51', '2', '15', '6', '6');
INSERT INTO "ZZHA"."INVENTORY" (PID, SID, QUANTITY, THRESHOLD, MINIMAL_ORDER) VALUES ('54', '1', '32', '7', '5');
INSERT INTO "ZZHA"."INVENTORY" (PID, SID, QUANTITY, THRESHOLD, MINIMAL_ORDER) VALUES ('54', '2', '11', '3', '6');
INSERT INTO "ZZHA"."INVENTORY" (PID, SID, QUANTITY, THRESHOLD, MINIMAL_ORDER) VALUES ('57', '1', '12', '5', '5');
INSERT INTO "ZZHA"."INVENTORY" (PID, SID, QUANTITY, THRESHOLD, MINIMAL_ORDER) VALUES ('57', '2', '16', '13', '5');

INSERT INTO "ZZHA"."DISTRIBUTOR_DELIVERY" (PID, DID, DAYS) VALUES (1, 2, 3);
INSERT INTO "ZZHA"."DISTRIBUTOR_DELIVERY" (PID, DID, DAYS) VALUES (2, 2, 3);
INSERT INTO "ZZHA"."DISTRIBUTOR_DELIVERY" (PID, DID, DAYS) VALUES (3, 2, 3);
INSERT INTO "ZZHA"."DISTRIBUTOR_DELIVERY" (PID, DID, DAYS) VALUES (4, 1, 5);
INSERT INTO "ZZHA"."DISTRIBUTOR_DELIVERY" (PID, DID, DAYS) VALUES (5, 1, 5);
INSERT INTO "ZZHA"."DISTRIBUTOR_DELIVERY" (PID, DID, DAYS) VALUES (6, 1, 5);
INSERT INTO "ZZHA"."DISTRIBUTOR_DELIVERY" (PID, DID, DAYS) VALUES (7, 1, 4);
INSERT INTO "ZZHA"."DISTRIBUTOR_DELIVERY" (PID, DID, DAYS) VALUES (8, 1, 4);
INSERT INTO "ZZHA"."DISTRIBUTOR_DELIVERY" (PID, DID, DAYS) VALUES (9, 1, 4);
INSERT INTO "ZZHA"."DISTRIBUTOR_DELIVERY" (PID, DID, DAYS) VALUES (10, 2, 4);
INSERT INTO "ZZHA"."DISTRIBUTOR_DELIVERY" (PID, DID, DAYS) VALUES (11, 2, 4);
INSERT INTO "ZZHA"."DISTRIBUTOR_DELIVERY" (PID, DID, DAYS) VALUES (12, 2, 4);
INSERT INTO "ZZHA"."DISTRIBUTOR_DELIVERY" (PID, DID, DAYS) VALUES (13, 2, 5);
INSERT INTO "ZZHA"."DISTRIBUTOR_DELIVERY" (PID, DID, DAYS) VALUES (14, 2, 5);
INSERT INTO "ZZHA"."DISTRIBUTOR_DELIVERY" (PID, DID, DAYS) VALUES (15, 2, 5);
INSERT INTO "ZZHA"."DISTRIBUTOR_DELIVERY" (PID, DID, DAYS) VALUES (16, 1, 4);
INSERT INTO "ZZHA"."DISTRIBUTOR_DELIVERY" (PID, DID, DAYS) VALUES (17, 1, 4);
INSERT INTO "ZZHA"."DISTRIBUTOR_DELIVERY" (PID, DID, DAYS) VALUES (18, 1, 4);
INSERT INTO "ZZHA"."DISTRIBUTOR_DELIVERY" (PID, DID, DAYS) VALUES (19, 2, 3);
INSERT INTO "ZZHA"."DISTRIBUTOR_DELIVERY" (PID, DID, DAYS) VALUES (20, 2, 3);
INSERT INTO "ZZHA"."DISTRIBUTOR_DELIVERY" (PID, DID, DAYS) VALUES (21, 2, 3);
INSERT INTO "ZZHA"."DISTRIBUTOR_DELIVERY" (PID, DID, DAYS) VALUES (22, 2, 4);
INSERT INTO "ZZHA"."DISTRIBUTOR_DELIVERY" (PID, DID, DAYS) VALUES (23, 2, 4);
INSERT INTO "ZZHA"."DISTRIBUTOR_DELIVERY" (PID, DID, DAYS) VALUES (24, 2, 4);
INSERT INTO "ZZHA"."DISTRIBUTOR_DELIVERY" (PID, DID, DAYS) VALUES (25, 2, 2);
INSERT INTO "ZZHA"."DISTRIBUTOR_DELIVERY" (PID, DID, DAYS) VALUES (26, 2, 2);
INSERT INTO "ZZHA"."DISTRIBUTOR_DELIVERY" (PID, DID, DAYS) VALUES (27, 2, 2);
INSERT INTO "ZZHA"."DISTRIBUTOR_DELIVERY" (PID, DID, DAYS) VALUES (28, 1, 2);
INSERT INTO "ZZHA"."DISTRIBUTOR_DELIVERY" (PID, DID, DAYS) VALUES (29, 1, 2);
INSERT INTO "ZZHA"."DISTRIBUTOR_DELIVERY" (PID, DID, DAYS) VALUES (30, 1, 2);
INSERT INTO "ZZHA"."DISTRIBUTOR_DELIVERY" (PID, DID, DAYS) VALUES (31, 1, 5);
INSERT INTO "ZZHA"."DISTRIBUTOR_DELIVERY" (PID, DID, DAYS) VALUES (32, 1, 5);
INSERT INTO "ZZHA"."DISTRIBUTOR_DELIVERY" (PID, DID, DAYS) VALUES (33, 1, 5);
INSERT INTO "ZZHA"."DISTRIBUTOR_DELIVERY" (PID, DID, DAYS) VALUES (34, 1, 3);
INSERT INTO "ZZHA"."DISTRIBUTOR_DELIVERY" (PID, DID, DAYS) VALUES (35, 1, 3);
INSERT INTO "ZZHA"."DISTRIBUTOR_DELIVERY" (PID, DID, DAYS) VALUES (36, 1, 3);
INSERT INTO "ZZHA"."DISTRIBUTOR_DELIVERY" (PID, DID, DAYS) VALUES (37, 1, 4);
INSERT INTO "ZZHA"."DISTRIBUTOR_DELIVERY" (PID, DID, DAYS) VALUES (38, 1, 4);
INSERT INTO "ZZHA"."DISTRIBUTOR_DELIVERY" (PID, DID, DAYS) VALUES (39, 1, 4);
INSERT INTO "ZZHA"."DISTRIBUTOR_DELIVERY" (PID, DID, DAYS) VALUES (40, 1, 2);
INSERT INTO "ZZHA"."DISTRIBUTOR_DELIVERY" (PID, DID, DAYS) VALUES (41, 1, 2);
INSERT INTO "ZZHA"."DISTRIBUTOR_DELIVERY" (PID, DID, DAYS) VALUES (42, 1, 2);
INSERT INTO "ZZHA"."DISTRIBUTOR_DELIVERY" (PID, DID, DAYS) VALUES (43, 1, 5);
INSERT INTO "ZZHA"."DISTRIBUTOR_DELIVERY" (PID, DID, DAYS) VALUES (44, 1, 5);
INSERT INTO "ZZHA"."DISTRIBUTOR_DELIVERY" (PID, DID, DAYS) VALUES (45, 1, 5);
INSERT INTO "ZZHA"."DISTRIBUTOR_DELIVERY" (PID, DID, DAYS) VALUES (46, 2, 5);
INSERT INTO "ZZHA"."DISTRIBUTOR_DELIVERY" (PID, DID, DAYS) VALUES (47, 2, 5);
INSERT INTO "ZZHA"."DISTRIBUTOR_DELIVERY" (PID, DID, DAYS) VALUES (48, 2, 5);
INSERT INTO "ZZHA"."DISTRIBUTOR_DELIVERY" (PID, DID, DAYS) VALUES (49, 2, 3);
INSERT INTO "ZZHA"."DISTRIBUTOR_DELIVERY" (PID, DID, DAYS) VALUES (50, 2, 3);
INSERT INTO "ZZHA"."DISTRIBUTOR_DELIVERY" (PID, DID, DAYS) VALUES (51, 2, 3);
INSERT INTO "ZZHA"."DISTRIBUTOR_DELIVERY" (PID, DID, DAYS) VALUES (52, 1, 3);
INSERT INTO "ZZHA"."DISTRIBUTOR_DELIVERY" (PID, DID, DAYS) VALUES (53, 1, 3);
INSERT INTO "ZZHA"."DISTRIBUTOR_DELIVERY" (PID, DID, DAYS) VALUES (54, 1, 3);
INSERT INTO "ZZHA"."DISTRIBUTOR_DELIVERY" (PID, DID, DAYS) VALUES (55, 2, 3);
INSERT INTO "ZZHA"."DISTRIBUTOR_DELIVERY" (PID, DID, DAYS) VALUES (56, 2, 3);
INSERT INTO "ZZHA"."DISTRIBUTOR_DELIVERY" (PID, DID, DAYS) VALUES (57, 2, 3);

INSERT INTO "ZZHA"."ORDER_FROM_SERVICE_CENTER" (SSID, BSID, SOID, PID, QUANTITY, STATUS, ORDER_DATE, EXPECTED_DELIVERY_DATE, ACTUAL_DELIVERY_DATE) VALUES ('1', '2', 1, '32', '5', 'complete', TO_DATE('2016-2-10','yyyy-mm-dd'), TO_DATE('2016-2-11','yyyy-mm-dd'), TO_DATE('2016-2-11','yyyy-mm-dd'));
INSERT INTO "ZZHA"."ORDER_FROM_SERVICE_CENTER" (SSID, BSID, SOID, PID, QUANTITY, STATUS, ORDER_DATE, EXPECTED_DELIVERY_DATE, ACTUAL_DELIVERY_DATE) VALUES ('2', '1', 2, '24', '4', 'complete', TO_DATE('2017-8-9','yyyy-mm-dd'), TO_DATE('2017-8-10','yyyy-mm-dd'), TO_DATE('2017-8-11','yyyy-mm-dd'));
INSERT INTO "ZZHA"."ORDER_FROM_SERVICE_CENTER" (SSID, BSID, SOID, PID, QUANTITY, STATUS, ORDER_DATE, EXPECTED_DELIVERY_DATE, ACTUAL_DELIVERY_DATE) VALUES ('1', '2', 3, '1', '6', 'complete', TO_DATE('2018-10-4','yyyy-mm-dd'), TO_DATE('2018-10-5','yyyy-mm-dd'), TO_DATE('2018-10-5','yyyy-mm-dd'));

INSERT INTO "ZZHA"."ORDER_FROM_DISTRIBUTOR" (SDID, BSID, DOID, PID, QUANTITY, STATUS, DATETIME, EXPECTED_DELIVERY_DATE, ACTUAL_DELIVERY_DATE) VALUES ('1', '1', 4, '7', '5', 'complete', TO_DATE('2014-6-9','yyyy-mm-dd'), TO_DATE('2014-6-13','yyyy-mm-dd'), TO_DATE('2014-6-18','yyyy-mm-dd'));
INSERT INTO "ZZHA"."ORDER_FROM_DISTRIBUTOR" (SDID, BSID, DOID, PID, QUANTITY, STATUS, DATETIME, EXPECTED_DELIVERY_DATE, ACTUAL_DELIVERY_DATE) VALUES ('2', '1', 5, '56', '5', 'complete', TO_DATE('2015-9-16','yyyy-mm-dd'), TO_DATE('2015-9-21','yyyy-mm-dd'), TO_DATE('2015-9-21','yyyy-mm-dd'));
INSERT INTO "ZZHA"."ORDER_FROM_DISTRIBUTOR" (SDID, BSID, DOID, PID, QUANTITY, STATUS, DATETIME, EXPECTED_DELIVERY_DATE, ACTUAL_DELIVERY_DATE) VALUES ('1', '1', 6, '18', '5', 'complete', TO_DATE('2018-10-26','yyyy-mm-dd'), TO_DATE('2018-11-1','yyyy-mm-dd'), TO_DATE('2018-11-5','yyyy-mm-dd'));
INSERT INTO "ZZHA"."ORDER_FROM_DISTRIBUTOR" (SDID, BSID, DOID, PID, QUANTITY, STATUS, DATETIME, EXPECTED_DELIVERY_DATE, ACTUAL_DELIVERY_DATE) VALUES ('2', '2', 7, '56', '7', 'pending', TO_DATE('2018-11-9','yyyy-mm-dd'), TO_DATE('2018-11-14','yyyy-mm-dd'), NULL);
INSERT INTO "ZZHA"."ORDER_FROM_DISTRIBUTOR" (SDID, BSID, DOID, PID, QUANTITY, STATUS, DATETIME, EXPECTED_DELIVERY_DATE, ACTUAL_DELIVERY_DATE) VALUES ('1', '2', 8, '5', '12', 'pending', TO_DATE('2018-11-7','yyyy-mm-dd'), TO_DATE('2018-11-14','yyyy-mm-dd'), NULL);
INSERT INTO "ZZHA"."ORDER_FROM_DISTRIBUTOR" (SDID, BSID, DOID, PID, QUANTITY, STATUS, DATETIME, EXPECTED_DELIVERY_DATE, ACTUAL_DELIVERY_DATE) VALUES ('1', '2', 9, '17', '6', 'pending', TO_DATE('2018-11-8','yyyy-mm-dd'), TO_DATE('2018-11-14','yyyy-mm-dd'), NULL);
INSERT INTO "ZZHA"."ORDER_FROM_DISTRIBUTOR" (SDID, BSID, DOID, PID, QUANTITY, STATUS, DATETIME, EXPECTED_DELIVERY_DATE, ACTUAL_DELIVERY_DATE) VALUES ('1', '2', 10, '38', '5', 'pending', TO_DATE('2018-11-8','yyyy-mm-dd'), TO_DATE('2018-11-14','yyyy-mm-dd'), NULL);
INSERT INTO "ZZHA"."ORDER_FROM_DISTRIBUTOR" (SDID, BSID, DOID, PID, QUANTITY, STATUS, DATETIME, EXPECTED_DELIVERY_DATE, ACTUAL_DELIVERY_DATE) VALUES ('2', '2', 11, '11', '5', 'pending', TO_DATE('2018-11-8','yyyy-mm-dd'), TO_DATE('2018-11-14','yyyy-mm-dd'), NULL);

INSERT INTO "ZZHA"."BASIC_SERVICE" (BSID, NAME, TIME, CHARGERATE) VALUES ('1', 'Air filter change', '0.25', '50');
INSERT INTO "ZZHA"."BASIC_SERVICE" (BSID, NAME, TIME, CHARGERATE) VALUES ('2', 'Battery replacement', '0.25', '50');
INSERT INTO "ZZHA"."BASIC_SERVICE" (BSID, NAME, TIME, CHARGERATE) VALUES ('3', 'Brake check', '0.25', '50');
INSERT INTO "ZZHA"."BASIC_SERVICE" (BSID, NAME, TIME, CHARGERATE) VALUES ('4', 'Brake repair', '0.25', '50');
INSERT INTO "ZZHA"."BASIC_SERVICE" (BSID, NAME, TIME, CHARGERATE) VALUES ('5', 'Camshaft replacement', '1', '65');
INSERT INTO "ZZHA"."BASIC_SERVICE" (BSID, NAME, TIME, CHARGERATE) VALUES ('6', 'Catalytic convertor replacement', '1', '65');
INSERT INTO "ZZHA"."BASIC_SERVICE" (BSID, NAME, TIME, CHARGERATE) VALUES ('7', 'Coolant recycle', '0.25', '50');
INSERT INTO "ZZHA"."BASIC_SERVICE" (BSID, NAME, TIME, CHARGERATE) VALUES ('8', 'Drive belt replacement', '1', '65');
INSERT INTO "ZZHA"."BASIC_SERVICE" (BSID, NAME, TIME, CHARGERATE) VALUES ('9', 'Engine oil change', '0.25', '50');
INSERT INTO "ZZHA"."BASIC_SERVICE" (BSID, NAME, TIME, CHARGERATE) VALUES ('10', 'Gearbox repair', '1', '65');
INSERT INTO "ZZHA"."BASIC_SERVICE" (BSID, NAME, TIME, CHARGERATE) VALUES ('11', 'Headlights replacement', '0.25', '50');
INSERT INTO "ZZHA"."BASIC_SERVICE" (BSID, NAME, TIME, CHARGERATE) VALUES ('12', 'Oil filter change', '0.25', '50');
INSERT INTO "ZZHA"."BASIC_SERVICE" (BSID, NAME, TIME, CHARGERATE) VALUES ('13', 'Piston replacement', '1', '65');
INSERT INTO "ZZHA"."BASIC_SERVICE" (BSID, NAME, TIME, CHARGERATE) VALUES ('14', 'Power steering check', '0.25', '50');
INSERT INTO "ZZHA"."BASIC_SERVICE" (BSID, NAME, TIME, CHARGERATE) VALUES ('15', 'Spark plugs replacement', '0.25', '50');
INSERT INTO "ZZHA"."BASIC_SERVICE" (BSID, NAME, TIME, CHARGERATE) VALUES ('16', 'Suspension check', '0.25', '50');
INSERT INTO "ZZHA"."BASIC_SERVICE" (BSID, NAME, TIME, CHARGERATE) VALUES ('17', 'Tail lights replacement', '0.5', '50');
INSERT INTO "ZZHA"."BASIC_SERVICE" (BSID, NAME, TIME, CHARGERATE) VALUES ('18', 'Turn lights replacement', '0.5', '50');
INSERT INTO "ZZHA"."BASIC_SERVICE" (BSID, NAME, TIME, CHARGERATE) VALUES ('19', 'Valve replacement', '1', '65');
INSERT INTO "ZZHA"."BASIC_SERVICE" (BSID, NAME, TIME, CHARGERATE) VALUES ('20', 'Wheel alignment', '1', '65');
INSERT INTO "ZZHA"."BASIC_SERVICE" (BSID, NAME, TIME, CHARGERATE) VALUES ('21', 'Wiper check', '0.25', '50');

Insert into ZZHA.BASIC_SERVICE_NEED (BSID,PID,CMID,QUANTITY) values (1,1,1,1);
Insert into ZZHA.BASIC_SERVICE_NEED (BSID,PID,CMID,QUANTITY) values (1,1,2,1);
Insert into ZZHA.BASIC_SERVICE_NEED (BSID,PID,CMID,QUANTITY) values (1,2,3,1);
Insert into ZZHA.BASIC_SERVICE_NEED (BSID,PID,CMID,QUANTITY) values (1,2,4,2);
Insert into ZZHA.BASIC_SERVICE_NEED (BSID,PID,CMID,QUANTITY) values (1,3,5,1);
Insert into ZZHA.BASIC_SERVICE_NEED (BSID,PID,CMID,QUANTITY) values (1,3,6,3);
Insert into ZZHA.BASIC_SERVICE_NEED (BSID,PID,CMID,QUANTITY) values (2,7,1,1);
Insert into ZZHA.BASIC_SERVICE_NEED (BSID,PID,CMID,QUANTITY) values (2,7,2,1);
Insert into ZZHA.BASIC_SERVICE_NEED (BSID,PID,CMID,QUANTITY) values (2,8,3,1);
Insert into ZZHA.BASIC_SERVICE_NEED (BSID,PID,CMID,QUANTITY) values (2,8,4,1);
Insert into ZZHA.BASIC_SERVICE_NEED (BSID,PID,CMID,QUANTITY) values (2,9,5,1);
Insert into ZZHA.BASIC_SERVICE_NEED (BSID,PID,CMID,QUANTITY) values (2,9,6,2);
Insert into ZZHA.BASIC_SERVICE_NEED (BSID,PID,CMID,QUANTITY) values (3,10,1,1);
Insert into ZZHA.BASIC_SERVICE_NEED (BSID,PID,CMID,QUANTITY) values (3,10,2,1);
Insert into ZZHA.BASIC_SERVICE_NEED (BSID,PID,CMID,QUANTITY) values (3,11,3,1);
Insert into ZZHA.BASIC_SERVICE_NEED (BSID,PID,CMID,QUANTITY) values (3,11,4,1);
Insert into ZZHA.BASIC_SERVICE_NEED (BSID,PID,CMID,QUANTITY) values (3,12,5,1);
Insert into ZZHA.BASIC_SERVICE_NEED (BSID,PID,CMID,QUANTITY) values (3,12,6,2);
Insert into ZZHA.BASIC_SERVICE_NEED (BSID,PID,CMID,QUANTITY) values (4,13,1,4);
Insert into ZZHA.BASIC_SERVICE_NEED (BSID,PID,CMID,QUANTITY) values (4,13,2,4);
Insert into ZZHA.BASIC_SERVICE_NEED (BSID,PID,CMID,QUANTITY) values (4,14,3,4);
Insert into ZZHA.BASIC_SERVICE_NEED (BSID,PID,CMID,QUANTITY) values (4,14,4,4);
Insert into ZZHA.BASIC_SERVICE_NEED (BSID,PID,CMID,QUANTITY) values (4,15,5,4);
Insert into ZZHA.BASIC_SERVICE_NEED (BSID,PID,CMID,QUANTITY) values (4,15,6,4);
Insert into ZZHA.BASIC_SERVICE_NEED (BSID,PID,CMID,QUANTITY) values (5,16,1,1);
Insert into ZZHA.BASIC_SERVICE_NEED (BSID,PID,CMID,QUANTITY) values (5,16,2,1);
Insert into ZZHA.BASIC_SERVICE_NEED (BSID,PID,CMID,QUANTITY) values (5,17,3,1);
Insert into ZZHA.BASIC_SERVICE_NEED (BSID,PID,CMID,QUANTITY) values (5,17,4,1);
Insert into ZZHA.BASIC_SERVICE_NEED (BSID,PID,CMID,QUANTITY) values (5,18,5,1);
Insert into ZZHA.BASIC_SERVICE_NEED (BSID,PID,CMID,QUANTITY) values (5,18,6,2);
Insert into ZZHA.BASIC_SERVICE_NEED (BSID,PID,CMID,QUANTITY) values (6,19,1,1);
Insert into ZZHA.BASIC_SERVICE_NEED (BSID,PID,CMID,QUANTITY) values (6,19,2,1);
Insert into ZZHA.BASIC_SERVICE_NEED (BSID,PID,CMID,QUANTITY) values (6,20,3,1);
Insert into ZZHA.BASIC_SERVICE_NEED (BSID,PID,CMID,QUANTITY) values (6,20,4,1);
Insert into ZZHA.BASIC_SERVICE_NEED (BSID,PID,CMID,QUANTITY) values (6,21,5,1);
Insert into ZZHA.BASIC_SERVICE_NEED (BSID,PID,CMID,QUANTITY) values (6,21,6,1);
Insert into ZZHA.BASIC_SERVICE_NEED (BSID,PID,CMID,QUANTITY) values (7,22,1,1);
Insert into ZZHA.BASIC_SERVICE_NEED (BSID,PID,CMID,QUANTITY) values (7,22,2,1);
Insert into ZZHA.BASIC_SERVICE_NEED (BSID,PID,CMID,QUANTITY) values (7,23,3,1);
Insert into ZZHA.BASIC_SERVICE_NEED (BSID,PID,CMID,QUANTITY) values (7,23,4,1);
Insert into ZZHA.BASIC_SERVICE_NEED (BSID,PID,CMID,QUANTITY) values (7,24,5,2);
Insert into ZZHA.BASIC_SERVICE_NEED (BSID,PID,CMID,QUANTITY) values (7,24,6,2);
Insert into ZZHA.BASIC_SERVICE_NEED (BSID,PID,CMID,QUANTITY) values (8,25,1,1);
Insert into ZZHA.BASIC_SERVICE_NEED (BSID,PID,CMID,QUANTITY) values (8,25,2,1);
Insert into ZZHA.BASIC_SERVICE_NEED (BSID,PID,CMID,QUANTITY) values (8,26,3,1);
Insert into ZZHA.BASIC_SERVICE_NEED (BSID,PID,CMID,QUANTITY) values (8,26,4,1);
Insert into ZZHA.BASIC_SERVICE_NEED (BSID,PID,CMID,QUANTITY) values (8,27,5,1);
Insert into ZZHA.BASIC_SERVICE_NEED (BSID,PID,CMID,QUANTITY) values (8,27,6,1);
Insert into ZZHA.BASIC_SERVICE_NEED (BSID,PID,CMID,QUANTITY) values (9,28,1,1);
Insert into ZZHA.BASIC_SERVICE_NEED (BSID,PID,CMID,QUANTITY) values (9,28,2,1);
Insert into ZZHA.BASIC_SERVICE_NEED (BSID,PID,CMID,QUANTITY) values (9,29,3,1);
Insert into ZZHA.BASIC_SERVICE_NEED (BSID,PID,CMID,QUANTITY) values (9,29,4,1);
Insert into ZZHA.BASIC_SERVICE_NEED (BSID,PID,CMID,QUANTITY) values (9,30,5,2);
Insert into ZZHA.BASIC_SERVICE_NEED (BSID,PID,CMID,QUANTITY) values (9,30,6,3);
Insert into ZZHA.BASIC_SERVICE_NEED (BSID,PID,CMID,QUANTITY) values (10,31,1,6);
Insert into ZZHA.BASIC_SERVICE_NEED (BSID,PID,CMID,QUANTITY) values (10,31,2,6);
Insert into ZZHA.BASIC_SERVICE_NEED (BSID,PID,CMID,QUANTITY) values (10,32,3,12);
Insert into ZZHA.BASIC_SERVICE_NEED (BSID,PID,CMID,QUANTITY) values (10,32,4,7);
Insert into ZZHA.BASIC_SERVICE_NEED (BSID,PID,CMID,QUANTITY) values (10,33,5,7);
Insert into ZZHA.BASIC_SERVICE_NEED (BSID,PID,CMID,QUANTITY) values (10,33,6,9);
Insert into ZZHA.BASIC_SERVICE_NEED (BSID,PID,CMID,QUANTITY) values (11,34,1,2);
Insert into ZZHA.BASIC_SERVICE_NEED (BSID,PID,CMID,QUANTITY) values (11,34,2,2);
Insert into ZZHA.BASIC_SERVICE_NEED (BSID,PID,CMID,QUANTITY) values (11,35,3,2);
Insert into ZZHA.BASIC_SERVICE_NEED (BSID,PID,CMID,QUANTITY) values (11,35,4,2);
Insert into ZZHA.BASIC_SERVICE_NEED (BSID,PID,CMID,QUANTITY) values (11,36,5,2);
Insert into ZZHA.BASIC_SERVICE_NEED (BSID,PID,CMID,QUANTITY) values (11,36,6,2);
Insert into ZZHA.BASIC_SERVICE_NEED (BSID,PID,CMID,QUANTITY) values (12,37,1,1);
Insert into ZZHA.BASIC_SERVICE_NEED (BSID,PID,CMID,QUANTITY) values (12,37,2,1);
Insert into ZZHA.BASIC_SERVICE_NEED (BSID,PID,CMID,QUANTITY) values (12,38,3,1);
Insert into ZZHA.BASIC_SERVICE_NEED (BSID,PID,CMID,QUANTITY) values (12,38,4,1);
Insert into ZZHA.BASIC_SERVICE_NEED (BSID,PID,CMID,QUANTITY) values (12,39,5,1);
Insert into ZZHA.BASIC_SERVICE_NEED (BSID,PID,CMID,QUANTITY) values (12,39,6,2);
Insert into ZZHA.BASIC_SERVICE_NEED (BSID,PID,CMID,QUANTITY) values (13,40,1,4);
Insert into ZZHA.BASIC_SERVICE_NEED (BSID,PID,CMID,QUANTITY) values (13,40,2,4);
Insert into ZZHA.BASIC_SERVICE_NEED (BSID,PID,CMID,QUANTITY) values (13,41,3,4);
Insert into ZZHA.BASIC_SERVICE_NEED (BSID,PID,CMID,QUANTITY) values (13,41,4,4);
Insert into ZZHA.BASIC_SERVICE_NEED (BSID,PID,CMID,QUANTITY) values (13,42,5,6);
Insert into ZZHA.BASIC_SERVICE_NEED (BSID,PID,CMID,QUANTITY) values (13,42,6,8);
Insert into ZZHA.BASIC_SERVICE_NEED (BSID,PID,CMID,QUANTITY) values (14,43,1,1);
Insert into ZZHA.BASIC_SERVICE_NEED (BSID,PID,CMID,QUANTITY) values (14,43,2,1);
Insert into ZZHA.BASIC_SERVICE_NEED (BSID,PID,CMID,QUANTITY) values (14,44,3,1);
Insert into ZZHA.BASIC_SERVICE_NEED (BSID,PID,CMID,QUANTITY) values (14,44,4,1);
Insert into ZZHA.BASIC_SERVICE_NEED (BSID,PID,CMID,QUANTITY) values (14,45,5,1);
Insert into ZZHA.BASIC_SERVICE_NEED (BSID,PID,CMID,QUANTITY) values (14,45,6,1);
Insert into ZZHA.BASIC_SERVICE_NEED (BSID,PID,CMID,QUANTITY) values (15,46,1,4);
Insert into ZZHA.BASIC_SERVICE_NEED (BSID,PID,CMID,QUANTITY) values (15,46,2,4);
Insert into ZZHA.BASIC_SERVICE_NEED (BSID,PID,CMID,QUANTITY) values (15,47,3,4);
Insert into ZZHA.BASIC_SERVICE_NEED (BSID,PID,CMID,QUANTITY) values (15,47,4,4);
Insert into ZZHA.BASIC_SERVICE_NEED (BSID,PID,CMID,QUANTITY) values (15,48,5,6);
Insert into ZZHA.BASIC_SERVICE_NEED (BSID,PID,CMID,QUANTITY) values (15,48,6,8);
Insert into ZZHA.BASIC_SERVICE_NEED (BSID,PID,CMID,QUANTITY) values (16,49,1,1);
Insert into ZZHA.BASIC_SERVICE_NEED (BSID,PID,CMID,QUANTITY) values (16,49,2,1);
Insert into ZZHA.BASIC_SERVICE_NEED (BSID,PID,CMID,QUANTITY) values (16,50,3,1);
Insert into ZZHA.BASIC_SERVICE_NEED (BSID,PID,CMID,QUANTITY) values (16,50,4,1);
Insert into ZZHA.BASIC_SERVICE_NEED (BSID,PID,CMID,QUANTITY) values (16,51,5,1);
Insert into ZZHA.BASIC_SERVICE_NEED (BSID,PID,CMID,QUANTITY) values (16,51,6,1);
Insert into ZZHA.BASIC_SERVICE_NEED (BSID,PID,CMID,QUANTITY) values (17,34,1,2);
Insert into ZZHA.BASIC_SERVICE_NEED (BSID,PID,CMID,QUANTITY) values (17,34,2,2);
Insert into ZZHA.BASIC_SERVICE_NEED (BSID,PID,CMID,QUANTITY) values (17,35,3,2);
Insert into ZZHA.BASIC_SERVICE_NEED (BSID,PID,CMID,QUANTITY) values (17,35,4,2);
Insert into ZZHA.BASIC_SERVICE_NEED (BSID,PID,CMID,QUANTITY) values (17,36,5,2);
Insert into ZZHA.BASIC_SERVICE_NEED (BSID,PID,CMID,QUANTITY) values (17,36,6,2);
Insert into ZZHA.BASIC_SERVICE_NEED (BSID,PID,CMID,QUANTITY) values (18,34,1,4);
Insert into ZZHA.BASIC_SERVICE_NEED (BSID,PID,CMID,QUANTITY) values (18,34,2,4);
Insert into ZZHA.BASIC_SERVICE_NEED (BSID,PID,CMID,QUANTITY) values (18,35,3,4);
Insert into ZZHA.BASIC_SERVICE_NEED (BSID,PID,CMID,QUANTITY) values (18,35,4,4);
Insert into ZZHA.BASIC_SERVICE_NEED (BSID,PID,CMID,QUANTITY) values (18,36,5,4);
Insert into ZZHA.BASIC_SERVICE_NEED (BSID,PID,CMID,QUANTITY) values (18,36,6,4);
Insert into ZZHA.BASIC_SERVICE_NEED (BSID,PID,CMID,QUANTITY) values (19,52,1,4);
Insert into ZZHA.BASIC_SERVICE_NEED (BSID,PID,CMID,QUANTITY) values (19,52,2,4);
Insert into ZZHA.BASIC_SERVICE_NEED (BSID,PID,CMID,QUANTITY) values (19,53,3,4);
Insert into ZZHA.BASIC_SERVICE_NEED (BSID,PID,CMID,QUANTITY) values (19,53,4,4);
Insert into ZZHA.BASIC_SERVICE_NEED (BSID,PID,CMID,QUANTITY) values (19,54,5,6);
Insert into ZZHA.BASIC_SERVICE_NEED (BSID,PID,CMID,QUANTITY) values (19,54,6,8);
Insert into ZZHA.BASIC_SERVICE_NEED (BSID,PID,CMID,QUANTITY) values (20,4,1,2);
Insert into ZZHA.BASIC_SERVICE_NEED (BSID,PID,CMID,QUANTITY) values (20,4,2,2);
Insert into ZZHA.BASIC_SERVICE_NEED (BSID,PID,CMID,QUANTITY) values (20,5,3,2);
Insert into ZZHA.BASIC_SERVICE_NEED (BSID,PID,CMID,QUANTITY) values (20,5,4,2);
Insert into ZZHA.BASIC_SERVICE_NEED (BSID,PID,CMID,QUANTITY) values (20,6,5,2);
Insert into ZZHA.BASIC_SERVICE_NEED (BSID,PID,CMID,QUANTITY) values (20,6,6,2);
Insert into ZZHA.BASIC_SERVICE_NEED (BSID,PID,CMID,QUANTITY) values (21,55,1,1);
Insert into ZZHA.BASIC_SERVICE_NEED (BSID,PID,CMID,QUANTITY) values (21,55,2,1);
Insert into ZZHA.BASIC_SERVICE_NEED (BSID,PID,CMID,QUANTITY) values (21,56,3,1);
Insert into ZZHA.BASIC_SERVICE_NEED (BSID,PID,CMID,QUANTITY) values (21,56,4,1);
Insert into ZZHA.BASIC_SERVICE_NEED (BSID,PID,CMID,QUANTITY) values (21,57,5,1);
Insert into ZZHA.BASIC_SERVICE_NEED (BSID,PID,CMID,QUANTITY) values (21,57,6,1);

INSERT INTO "ZZHA"."MAINTENANCE_SERVICE" (SVID, SERVICE_TYPE, CAR_MODEL, MILE) VALUES ('1', 'A', '1', '5000');
INSERT INTO "ZZHA"."MAINTENANCE_SERVICE" (SVID, SERVICE_TYPE, CAR_MODEL, MILE) VALUES ('2', 'B', '1', '25000');
INSERT INTO "ZZHA"."MAINTENANCE_SERVICE" (SVID, SERVICE_TYPE, CAR_MODEL, MILE) VALUES ('3', 'C', '1', '45000');
INSERT INTO "ZZHA"."MAINTENANCE_SERVICE" (SVID, SERVICE_TYPE, CAR_MODEL, MILE) VALUES ('4', 'A', '2', '10000');
INSERT INTO "ZZHA"."MAINTENANCE_SERVICE" (SVID, SERVICE_TYPE, CAR_MODEL, MILE) VALUES ('5', 'B', '2', '28000');
INSERT INTO "ZZHA"."MAINTENANCE_SERVICE" (SVID, SERVICE_TYPE, CAR_MODEL, MILE) VALUES ('6', 'C', '2', '58000');
INSERT INTO "ZZHA"."MAINTENANCE_SERVICE" (SVID, SERVICE_TYPE, CAR_MODEL, MILE) VALUES ('7', 'A', '5', '10000');
INSERT INTO "ZZHA"."MAINTENANCE_SERVICE" (SVID, SERVICE_TYPE, CAR_MODEL, MILE) VALUES ('8', 'B', '5', '25000');
INSERT INTO "ZZHA"."MAINTENANCE_SERVICE" (SVID, SERVICE_TYPE, CAR_MODEL, MILE) VALUES ('9', 'C', '5', '50000');
INSERT INTO "ZZHA"."MAINTENANCE_SERVICE" (SVID, SERVICE_TYPE, CAR_MODEL, MILE) VALUES ('10', 'A', '6', '10000');
INSERT INTO "ZZHA"."MAINTENANCE_SERVICE" (SVID, SERVICE_TYPE, CAR_MODEL, MILE) VALUES ('11', 'B', '6', '37000');
INSERT INTO "ZZHA"."MAINTENANCE_SERVICE" (SVID, SERVICE_TYPE, CAR_MODEL, MILE) VALUES ('12', 'C', '6', '70000');
INSERT INTO "ZZHA"."MAINTENANCE_SERVICE" (SVID, SERVICE_TYPE, CAR_MODEL, MILE) VALUES ('13', 'A', '4', '15000');
INSERT INTO "ZZHA"."MAINTENANCE_SERVICE" (SVID, SERVICE_TYPE, CAR_MODEL, MILE) VALUES ('14', 'B', '4', '37000');
INSERT INTO "ZZHA"."MAINTENANCE_SERVICE" (SVID, SERVICE_TYPE, CAR_MODEL, MILE) VALUES ('15', 'C', '4', '67000');
INSERT INTO "ZZHA"."MAINTENANCE_SERVICE" (SVID, SERVICE_TYPE, CAR_MODEL, MILE) VALUES ('16', 'A', '3', '14000');
INSERT INTO "ZZHA"."MAINTENANCE_SERVICE" (SVID, SERVICE_TYPE, CAR_MODEL, MILE) VALUES ('17', 'B', '3', '29000');
INSERT INTO "ZZHA"."MAINTENANCE_SERVICE" (SVID, SERVICE_TYPE, CAR_MODEL, MILE) VALUES ('18', 'C', '3', '44000');

Insert into ZZHA.MAINTENANCE_INCLUDE (SVID,BSID) values (1,9);
Insert into ZZHA.MAINTENANCE_INCLUDE (SVID,BSID) values (1,7);
Insert into ZZHA.MAINTENANCE_INCLUDE (SVID,BSID) values (2,1);
Insert into ZZHA.MAINTENANCE_INCLUDE (SVID,BSID) values (2,12);
Insert into ZZHA.MAINTENANCE_INCLUDE (SVID,BSID) values (2,3);
Insert into ZZHA.MAINTENANCE_INCLUDE (SVID,BSID) values (2,21);
Insert into ZZHA.MAINTENANCE_INCLUDE (SVID,BSID) values (2,15);
Insert into ZZHA.MAINTENANCE_INCLUDE (SVID,BSID) values (3,16);
Insert into ZZHA.MAINTENANCE_INCLUDE (SVID,BSID) values (3,4);
Insert into ZZHA.MAINTENANCE_INCLUDE (SVID,BSID) values (3,14);
Insert into ZZHA.MAINTENANCE_INCLUDE (SVID,BSID) values (5,1);
Insert into ZZHA.MAINTENANCE_INCLUDE (SVID,BSID) values (7,1);
Insert into ZZHA.MAINTENANCE_INCLUDE (SVID,BSID) values (10,1);
Insert into ZZHA.MAINTENANCE_INCLUDE (SVID,BSID) values (13,1);
Insert into ZZHA.MAINTENANCE_INCLUDE (SVID,BSID) values (17,1);
Insert into ZZHA.MAINTENANCE_INCLUDE (SVID,BSID) values (5,2);
Insert into ZZHA.MAINTENANCE_INCLUDE (SVID,BSID) values (12,2);
Insert into ZZHA.MAINTENANCE_INCLUDE (SVID,BSID) values (5,3);
Insert into ZZHA.MAINTENANCE_INCLUDE (SVID,BSID) values (8,3);
Insert into ZZHA.MAINTENANCE_INCLUDE (SVID,BSID) values (10,3);
Insert into ZZHA.MAINTENANCE_INCLUDE (SVID,BSID) values (14,3);
Insert into ZZHA.MAINTENANCE_INCLUDE (SVID,BSID) values (16,3);
Insert into ZZHA.MAINTENANCE_INCLUDE (SVID,BSID) values (6,4);
Insert into ZZHA.MAINTENANCE_INCLUDE (SVID,BSID) values (9,4);
Insert into ZZHA.MAINTENANCE_INCLUDE (SVID,BSID) values (12,4);
Insert into ZZHA.MAINTENANCE_INCLUDE (SVID,BSID) values (17,4);
Insert into ZZHA.MAINTENANCE_INCLUDE (SVID,BSID) values (4,7);
Insert into ZZHA.MAINTENANCE_INCLUDE (SVID,BSID) values (7,7);
Insert into ZZHA.MAINTENANCE_INCLUDE (SVID,BSID) values (10,7);
Insert into ZZHA.MAINTENANCE_INCLUDE (SVID,BSID) values (13,7);
Insert into ZZHA.MAINTENANCE_INCLUDE (SVID,BSID) values (16,7);
Insert into ZZHA.MAINTENANCE_INCLUDE (SVID,BSID) values (4,9);
Insert into ZZHA.MAINTENANCE_INCLUDE (SVID,BSID) values (7,9);
Insert into ZZHA.MAINTENANCE_INCLUDE (SVID,BSID) values (10,9);
Insert into ZZHA.MAINTENANCE_INCLUDE (SVID,BSID) values (13,9);
Insert into ZZHA.MAINTENANCE_INCLUDE (SVID,BSID) values (16,9);
Insert into ZZHA.MAINTENANCE_INCLUDE (SVID,BSID) values (4,12);
Insert into ZZHA.MAINTENANCE_INCLUDE (SVID,BSID) values (7,12);
Insert into ZZHA.MAINTENANCE_INCLUDE (SVID,BSID) values (10,12);
Insert into ZZHA.MAINTENANCE_INCLUDE (SVID,BSID) values (13,12);
Insert into ZZHA.MAINTENANCE_INCLUDE (SVID,BSID) values (17,12);
Insert into ZZHA.MAINTENANCE_INCLUDE (SVID,BSID) values (6,14);
Insert into ZZHA.MAINTENANCE_INCLUDE (SVID,BSID) values (9,14);
Insert into ZZHA.MAINTENANCE_INCLUDE (SVID,BSID) values (15,14);
Insert into ZZHA.MAINTENANCE_INCLUDE (SVID,BSID) values (18,14);
Insert into ZZHA.MAINTENANCE_INCLUDE (SVID,BSID) values (5,15);
Insert into ZZHA.MAINTENANCE_INCLUDE (SVID,BSID) values (9,15);
Insert into ZZHA.MAINTENANCE_INCLUDE (SVID,BSID) values (11,15);
Insert into ZZHA.MAINTENANCE_INCLUDE (SVID,BSID) values (14,15);
Insert into ZZHA.MAINTENANCE_INCLUDE (SVID,BSID) values (17,15);
Insert into ZZHA.MAINTENANCE_INCLUDE (SVID,BSID) values (6,16);
Insert into ZZHA.MAINTENANCE_INCLUDE (SVID,BSID) values (9,16);
Insert into ZZHA.MAINTENANCE_INCLUDE (SVID,BSID) values (11,16);
Insert into ZZHA.MAINTENANCE_INCLUDE (SVID,BSID) values (15,16);
Insert into ZZHA.MAINTENANCE_INCLUDE (SVID,BSID) values (18,16);
Insert into ZZHA.MAINTENANCE_INCLUDE (SVID,BSID) values (5,21);
Insert into ZZHA.MAINTENANCE_INCLUDE (SVID,BSID) values (8,21);
Insert into ZZHA.MAINTENANCE_INCLUDE (SVID,BSID) values (11,21);
Insert into ZZHA.MAINTENANCE_INCLUDE (SVID,BSID) values (14,21);
Insert into ZZHA.MAINTENANCE_INCLUDE (SVID,BSID) values (17,21);

INSERT INTO "ZZHA"."REPAIR_SERVICE" (RSVID, SPECIFIC_PROBLEM, REPORT, DIAGNOSTIC_FEE) VALUES ('19', 'Engine Knock', 'Timing issue', '75');
INSERT INTO "ZZHA"."REPAIR_SERVICE" (RSVID, SPECIFIC_PROBLEM, REPORT, DIAGNOSTIC_FEE) VALUES ('20', 'Car drifts in particular direction', 'Wheel alighment issue', '50');
INSERT INTO "ZZHA"."REPAIR_SERVICE" (RSVID, SPECIFIC_PROBLEM, REPORT, DIAGNOSTIC_FEE) VALUES ('21', 'Battery does not hold charge', 'Battery needs replacement', '25');
INSERT INTO "ZZHA"."REPAIR_SERVICE" (RSVID, SPECIFIC_PROBLEM, REPORT, DIAGNOSTIC_FEE) VALUES ('22', 'Black/unclean exhaust', 'Bad catalytic convertor and filters', '75');
INSERT INTO "ZZHA"."REPAIR_SERVICE" (RSVID, SPECIFIC_PROBLEM, REPORT, DIAGNOSTIC_FEE) VALUES ('23', 'A/C-Heater not working', 'Drive belt damaged, coolant not enough, weak battery', '50');
INSERT INTO "ZZHA"."REPAIR_SERVICE" (RSVID, SPECIFIC_PROBLEM, REPORT, DIAGNOSTIC_FEE) VALUES ('24', 'Headlamps/Tail lamps not working', 'Light assembly damaged', '30');
INSERT INTO "ZZHA"."REPAIR_SERVICE" (RSVID, SPECIFIC_PROBLEM, REPORT, DIAGNOSTIC_FEE) VALUES ('25', 'Check engine light', 'Gearbox and Torque convertor issue', '100');

INSERT INTO "ZZHA"."REPAIR_INCLUDE" (RSVID, BSID) VALUES ('19', '8');
INSERT INTO "ZZHA"."REPAIR_INCLUDE" (RSVID, BSID) VALUES ('19', '15');
INSERT INTO "ZZHA"."REPAIR_INCLUDE" (RSVID, BSID) VALUES ('19', '5');
INSERT INTO "ZZHA"."REPAIR_INCLUDE" (RSVID, BSID) VALUES ('19', '19');
INSERT INTO "ZZHA"."REPAIR_INCLUDE" (RSVID, BSID) VALUES ('20', '20');
INSERT INTO "ZZHA"."REPAIR_INCLUDE" (RSVID, BSID) VALUES ('21', '2');
INSERT INTO "ZZHA"."REPAIR_INCLUDE" (RSVID, BSID) VALUES ('22', '1');
INSERT INTO "ZZHA"."REPAIR_INCLUDE" (RSVID, BSID) VALUES ('22', '12');
INSERT INTO "ZZHA"."REPAIR_INCLUDE" (RSVID, BSID) VALUES ('22', '6');
INSERT INTO "ZZHA"."REPAIR_INCLUDE" (RSVID, BSID) VALUES ('23', '8');
INSERT INTO "ZZHA"."REPAIR_INCLUDE" (RSVID, BSID) VALUES ('23', '7');
INSERT INTO "ZZHA"."REPAIR_INCLUDE" (RSVID, BSID) VALUES ('23', '2');
INSERT INTO "ZZHA"."REPAIR_INCLUDE" (RSVID, BSID) VALUES ('24', '11');
INSERT INTO "ZZHA"."REPAIR_INCLUDE" (RSVID, BSID) VALUES ('24', '17');
INSERT INTO "ZZHA"."REPAIR_INCLUDE" (RSVID, BSID) VALUES ('24', '18');
INSERT INTO "ZZHA"."REPAIR_INCLUDE" (RSVID, BSID) VALUES ('25', '13');
INSERT INTO "ZZHA"."REPAIR_INCLUDE" (RSVID, BSID) VALUES ('25', '10');
INSERT INTO "ZZHA"."REPAIR_INCLUDE" (RSVID, BSID) VALUES ('25', '5');
INSERT INTO "ZZHA"."REPAIR_INCLUDE" (RSVID, BSID) VALUES ('25', '19');

INSERT INTO "ZZHA"."SCHEDULE_SERVICE" (AID, SERVICE_TYPE, SVID, SID, CID, LICENCE_ID, EID, SERVICE_DATE, SERVICE_END_DATE) VALUES ('1', 'MENT', '18', '1', '1001', 'XYZ-5643', '557279280', TO_TIMESTAMP('2018-9-10 10:00:00','yyyy-mm-dd hh24:mi:ss'), TO_TIMESTAMP('2018-9-10 10.30.00','yyyy-mm-dd hh24:mi:ss'));
INSERT INTO "ZZHA"."SCHEDULE_SERVICE" (AID, SERVICE_TYPE, SVID, SID, CID, LICENCE_ID, EID, SERVICE_DATE, SERVICE_END_DATE) VALUES ('2', 'MENT', '17', '1', '1001', 'XYZ-5643', '557279281', TO_TIMESTAMP('2018-2-25 9:00:00','yyyy-mm-dd hh24:mi:ss'), TO_TIMESTAMP('2018-2-25 10:15:00','yyyy-mm-dd hh24:mi:ss'));
INSERT INTO "ZZHA"."SCHEDULE_SERVICE" (AID, SERVICE_TYPE, SVID, SID, CID, LICENCE_ID, EID, SERVICE_DATE, SERVICE_END_DATE) VALUES ('3', 'MENT', '16', '1', '1001', 'XYZ-5643', '183683346', TO_TIMESTAMP('2017-10-15 8:00:00','yyyy-mm-dd hh24:mi:ss'), TO_TIMESTAMP('2017-10-15 8:45:00','yyyy-mm-dd hh24:mi:ss'));
INSERT INTO "ZZHA"."SCHEDULE_SERVICE" (AID, SERVICE_TYPE, RSVID, SID, CID, LICENCE_ID, EID, SERVICE_DATE, SERVICE_END_DATE) VALUES ('4', 'REPR', '21', '1', '1001', 'AHS-3132', '557279282', TO_TIMESTAMP('2018-8-6 8:00:00','yyyy-mm-dd hh24:mi:ss'), TO_TIMESTAMP('2018-8-6 8:15:00','yyyy-mm-dd hh24:mi:ss'));
INSERT INTO "ZZHA"."SCHEDULE_SERVICE" (AID, SERVICE_TYPE, SVID, SID, CID, LICENCE_ID, EID, SERVICE_DATE, SERVICE_END_DATE) VALUES ('5', 'MENT', '5', '1', '1001', 'AHS-3132', '557279283', TO_TIMESTAMP('2018-5-15 10:30:00','yyyy-mm-dd hh24:mi:ss'), TO_TIMESTAMP('2018-5-15 11:45:00','yyyy-mm-dd hh24:mi:ss'));
INSERT INTO "ZZHA"."SCHEDULE_SERVICE" (AID, SERVICE_TYPE, SVID, SID, CID, LICENCE_ID, EID, SERVICE_DATE, SERVICE_END_DATE) VALUES ('6', 'MENT', '4', '1', '1001', 'AHS-3132', '557279283', TO_TIMESTAMP('2018-1-28 12:00:00','yyyy-mm-dd hh24:mi:ss'), TO_TIMESTAMP('2018-1-28 12:45:00','yyyy-mm-dd hh24:mi:ss'));
INSERT INTO "ZZHA"."SCHEDULE_SERVICE" (AID, SERVICE_TYPE, SVID, SID, CID, LICENCE_ID, EID, SERVICE_DATE, SERVICE_END_DATE) VALUES ('7', 'MENT', '7', '1', '1002', 'IRM-1212', '557279281', TO_TIMESTAMP('2018-2-11 8:30:00','yyyy-mm-dd hh24:mi:ss'), TO_TIMESTAMP('2018-2-11 9:30:00','yyyy-mm-dd hh24:mi:ss'));
INSERT INTO "ZZHA"."SCHEDULE_SERVICE" (AID, SERVICE_TYPE, SVID, SID, CID, LICENCE_ID, EID, SERVICE_DATE, SERVICE_END_DATE) VALUES ('8', 'MENT', '9', '1', '1002', 'IRM-1212', '557279281', TO_TIMESTAMP('2017-12-10 9:30:00','yyyy-mm-dd hh24:mi:ss'), TO_TIMESTAMP('2017-12-10 10:30:00','yyyy-mm-dd hh24:mi:ss'));
INSERT INTO "ZZHA"."SCHEDULE_SERVICE" (AID, SERVICE_TYPE, SVID, SID, CID, LICENCE_ID, EID, SERVICE_DATE, SERVICE_END_DATE) VALUES ('9', 'MENT', '8', '1', '1002', 'IRM-1212', '557279281', TO_TIMESTAMP('2017-1-20 10:00:00','yyyy-mm-dd hh24:mi:ss'), TO_TIMESTAMP('2017-1-20 10:30:00','yyyy-mm-dd hh24:mi:ss'));
INSERT INTO "ZZHA"."SCHEDULE_SERVICE" (AID, SERVICE_TYPE, SVID, SID, CID, LICENCE_ID, EID, SERVICE_DATE, SERVICE_END_DATE) VALUES ('10', 'MENT', '10', '2', '1003', 'DEL-8888', '187658163', TO_TIMESTAMP('2018-2-11 8:30:00','yyyy-mm-dd hh24:mi:ss'), TO_TIMESTAMP('2018-2-11 9:45:00','yyyy-mm-dd hh24:mi:ss'));
INSERT INTO "ZZHA"."SCHEDULE_SERVICE" (AID, SERVICE_TYPE, RSVID, SID, CID, LICENCE_ID, EID, SERVICE_DATE, SERVICE_END_DATE) VALUES ('11', 'REPR', '24', '2', '1003', 'DEL-8888', '401671897', TO_TIMESTAMP('2016-11-5 9:00:00','yyyy-mm-dd hh24:mi:ss'), TO_TIMESTAMP('2016-11-5 10:15:00','yyyy-mm-dd hh24:mi:ss'));
INSERT INTO "ZZHA"."SCHEDULE_SERVICE" (AID, SERVICE_TYPE, SVID, SID, CID, LICENCE_ID, EID, SERVICE_DATE, SERVICE_END_DATE) VALUES ('12', 'MENT', '14', '2', '1004', 'P11-212A', '590424694', TO_TIMESTAMP('2017-9-1 9:00:00','yyyy-mm-dd hh24:mi:ss'), TO_TIMESTAMP('2017-9-1 9:45:00','yyyy-mm-dd hh24:mi:ss'));
INSERT INTO "ZZHA"."SCHEDULE_SERVICE" (AID, SERVICE_TYPE, SVID, SID, CID, LICENCE_ID, EID, SERVICE_DATE, SERVICE_END_DATE) VALUES ('13', 'MENT', '13', '2', '1004', 'P11-212A', '310773348', TO_TIMESTAMP('2014-6-15 8:30:00','yyyy-mm-dd hh24:mi:ss'), TO_TIMESTAMP('2014-6-15 9:30:00','yyyy-mm-dd hh24:mi:ss'));
INSERT INTO "ZZHA"."SCHEDULE_SERVICE" (AID, SERVICE_TYPE, SVID, SID, CID, LICENCE_ID, EID, SERVICE_DATE, SERVICE_END_DATE) VALUES ('14', 'MENT', '4', '2', '1004', 'WIM-BLE5', '310773348', TO_TIMESTAMP('2016-11-11 8:30:00','yyyy-mm-dd hh24:mi:ss'), TO_TIMESTAMP('2016-11-11 9:15:00','yyyy-mm-dd hh24:mi:ss'));
INSERT INTO "ZZHA"."SCHEDULE_SERVICE" (AID, SERVICE_TYPE, RSVID, SID, CID, LICENCE_ID, EID, SERVICE_DATE, SERVICE_END_DATE) VALUES ('15', 'REPR', '23', '2', '1004', 'WIM-BLE5', '401671897', TO_TIMESTAMP('2016-1-2 14:00:00','yyyy-mm-dd hh24:mi:ss'), TO_TIMESTAMP('2016-1-2 15:30:00','yyyy-mm-dd hh24:mi:ss'));
INSERT INTO "ZZHA"."SCHEDULE_SERVICE" (AID, SERVICE_TYPE, RSVID, SID, CID, LICENCE_ID, EID, SERVICE_DATE, SERVICE_END_DATE) VALUES ('16', 'REPR', '19', '2', '1004', 'WIM-BLE5', '401671897', TO_TIMESTAMP('2015-9-30 11:00:00','yyyy-mm-dd hh24:mi:ss'), TO_TIMESTAMP('2015-9-30 14:15:00','yyyy-mm-dd hh24:mi:ss'));

INSERT INTO "ZZHA"."NOTIFICATION" (NID, DOID, NOTIFY_TIME, DELAYED_BY) VALUES ('1', '6', TO_TIMESTAMP('2018-11-5','yyyy-mm-dd'), '2');
INSERT INTO "ZZHA"."NOTIFICATION" (NID, SOID, NOTIFY_TIME, DELAYED_BY) VALUES ('2', '2', TO_TIMESTAMP('2017-8-11','yyyy-mm-dd'), '1');
INSERT INTO "ZZHA"."NOTIFICATION" (NID, DOID, NOTIFY_TIME, DELAYED_BY) VALUES ('3', '4', TO_TIMESTAMP('2014-6-18','yyyy-mm-dd'), '3');
